"filename", "language", "TypeScript", "JSON", "JSON with Comments", "PostCSS", "Markdown", "JavaScript", "HTML", "TypeScript JSX", "XML", "comment", "blank", "total"
"c:\Users\robertsd\source\repos\STLAT-1\README.md", "Markdown", 0, 0, 0, 0, 60, 0, 0, 0, 0, 0, 14, 74
"c:\Users\robertsd\source\repos\STLAT-1\eslint.config.js", "JavaScript", 0, 0, 0, 0, 0, 22, 0, 0, 0, 0, 2, 24
"c:\Users\robertsd\source\repos\STLAT-1\firebase.json", "JSON", 0, 19, 0, 0, 0, 0, 0, 0, 0, 0, 1, 20
"c:\Users\robertsd\source\repos\STLAT-1\index.html", "HTML", 0, 0, 0, 0, 0, 0, 16, 0, 0, 0, 1, 17
"c:\Users\robertsd\source\repos\STLAT-1\package-lock.json", "JSON", 0, 4328, 0, 0, 0, 0, 0, 0, 0, 0, 1, 4329
"c:\Users\robertsd\source\repos\STLAT-1\package.json", "JSON", 0, 32, 0, 0, 0, 0, 0, 0, 0, 0, 1, 33
"c:\Users\robertsd\source\repos\STLAT-1\public\vite.svg", "XML", 0, 0, 0, 0, 0, 0, 0, 0, 1, 0, 0, 1
"c:\Users\robertsd\source\repos\STLAT-1\src\App.css", "PostCSS", 0, 0, 0, 4, 0, 0, 0, 0, 0, 1, 3, 8
"c:\Users\robertsd\source\repos\STLAT-1\src\App.tsx", "TypeScript JSX", 0, 0, 0, 0, 0, 0, 0, 34, 0, 0, 5, 39
"c:\Users\robertsd\source\repos\STLAT-1\src\assets\react.svg", "XML", 0, 0, 0, 0, 0, 0, 0, 0, 1, 0, 0, 1
"c:\Users\robertsd\source\repos\STLAT-1\src\components\BgShapes\BgShapes.tsx", "TypeScript JSX", 0, 0, 0, 0, 0, 0, 0, 12, 0, 0, 3, 15
"c:\Users\robertsd\source\repos\STLAT-1\src\components\LangToggle\LangToggle.css", "PostCSS", 0, 0, 0, 30, 0, 0, 0, 0, 0, 2, 7, 39
"c:\Users\robertsd\source\repos\STLAT-1\src\components\LangToggle\LangToggle.tsx", "TypeScript JSX", 0, 0, 0, 0, 0, 0, 0, 16, 0, 1, 4, 21
"c:\Users\robertsd\source\repos\STLAT-1\src\components\SettingsMenu\SettingsMenu.css", "PostCSS", 0, 0, 0, 88, 0, 0, 0, 0, 0, 6, 18, 112
"c:\Users\robertsd\source\repos\STLAT-1\src\components\SettingsMenu\SettingsMenu.tsx", "TypeScript JSX", 0, 0, 0, 0, 0, 0, 0, 93, 0, 5, 14, 112
"c:\Users\robertsd\source\repos\STLAT-1\src\components\ThemeToggle\ThemeToggle.css", "PostCSS", 0, 0, 0, 27, 0, 0, 0, 0, 0, 1, 7, 35
"c:\Users\robertsd\source\repos\STLAT-1\src\components\ThemeToggle\ThemeToggle.tsx", "TypeScript JSX", 0, 0, 0, 0, 0, 0, 0, 60, 0, 2, 7, 69
"c:\Users\robertsd\source\repos\STLAT-1\src\context\LangContext.tsx", "TypeScript JSX", 0, 0, 0, 0, 0, 0, 0, 38, 0, 3, 9, 50
"c:\Users\robertsd\source\repos\STLAT-1\src\context\ThemeContext.tsx", "TypeScript JSX", 0, 0, 0, 0, 0, 0, 0, 40, 0, 3, 10, 53
"c:\Users\robertsd\source\repos\STLAT-1\src\firebase\collections.ts", "TypeScript", 5, 0, 0, 0, 0, 0, 0, 0, 0, 0, 1, 6
"c:\Users\robertsd\source\repos\STLAT-1\src\firebase\config.ts", "TypeScript", 15, 0, 0, 0, 0, 0, 0, 0, 0, 4, 6, 25
"c:\Users\robertsd\source\repos\STLAT-1\src\hooks\useAuthGuard.ts", "TypeScript", 28, 0, 0, 0, 0, 0, 0, 0, 0, 5, 5, 38
"c:\Users\robertsd\source\repos\STLAT-1\src\index.css", "PostCSS", 0, 0, 0, 54, 0, 0, 0, 0, 0, 9, 18, 81
"c:\Users\robertsd\source\repos\STLAT-1\src\main.tsx", "TypeScript JSX", 0, 0, 0, 0, 0, 0, 0, 9, 0, 0, 2, 11
"c:\Users\robertsd\source\repos\STLAT-1\src\pages\EmailChangePage\EmailChangePage.tsx", "TypeScript JSX", 0, 0, 0, 0, 0, 0, 0, 117, 0, 3, 19, 139
"c:\Users\robertsd\source\repos\STLAT-1\src\pages\LoginPage\LoginPage.css", "PostCSS", 0, 0, 0, 199, 0, 0, 0, 0, 0, 11, 43, 253
"c:\Users\robertsd\source\repos\STLAT-1\src\pages\LoginPage\LoginPage.tsx", "TypeScript JSX", 0, 0, 0, 0, 0, 0, 0, 239, 0, 13, 29, 281
"c:\Users\robertsd\source\repos\STLAT-1\src\pages\PasswordChangePage\PasswordChangePage.css", "PostCSS", 0, 0, 0, 22, 0, 0, 0, 0, 0, 1, 6, 29
"c:\Users\robertsd\source\repos\STLAT-1\src\pages\PasswordChangePage\PasswordChangePage.tsx", "TypeScript JSX", 0, 0, 0, 0, 0, 0, 0, 145, 0, 3, 19, 167
"c:\Users\robertsd\source\repos\STLAT-1\src\pages\PasswordResetPage\PasswordResetPage.tsx", "TypeScript JSX", 0, 0, 0, 0, 0, 0, 0, 100, 0, 0, 14, 114
"c:\Users\robertsd\source\repos\STLAT-1\src\pages\ProfilePage\ProfilePage.css", "PostCSS", 0, 0, 0, 334, 0, 0, 0, 0, 0, 15, 68, 417
"c:\Users\robertsd\source\repos\STLAT-1\src\pages\ProfilePage\ProfilePage.tsx", "TypeScript JSX", 0, 0, 0, 0, 0, 0, 0, 192, 0, 8, 21, 221
"c:\Users\robertsd\source\repos\STLAT-1\src\pages\SettingsPage\SettingsPage.css", "PostCSS", 0, 0, 0, 370, 0, 0, 0, 0, 0, 13, 67, 450
"c:\Users\robertsd\source\repos\STLAT-1\src\pages\SettingsPage\SettingsPage.tsx", "TypeScript JSX", 0, 0, 0, 0, 0, 0, 0, 320, 0, 4, 29, 353
"c:\Users\robertsd\source\repos\STLAT-1\src\pages\SurveyPage\SurveyPage.css", "PostCSS", 0, 0, 0, 404, 0, 0, 0, 0, 0, 15, 77, 496
"c:\Users\robertsd\source\repos\STLAT-1\src\pages\SurveyPage\SurveyPage.tsx", "TypeScript JSX", 0, 0, 0, 0, 0, 0, 0, 305, 0, 29, 50, 384
"c:\Users\robertsd\source\repos\STLAT-1\src\pages\VerifyEmailPage\VerifyEmailPage.css", "PostCSS", 0, 0, 0, 42, 0, 0, 0, 0, 0, 0, 8, 50
"c:\Users\robertsd\source\repos\STLAT-1\src\pages\VerifyEmailPage\VerifyEmailPage.tsx", "TypeScript JSX", 0, 0, 0, 0, 0, 0, 0, 108, 0, 0, 17, 125
"c:\Users\robertsd\source\repos\STLAT-1\src\services\aiSurveyService.ts", "TypeScript", 136, 0, 0, 0, 0, 0, 0, 0, 0, 8, 25, 169
"c:\Users\robertsd\source\repos\STLAT-1\src\services\surveyHistoryService.ts", "TypeScript", 86, 0, 0, 0, 0, 0, 0, 0, 0, 5, 11, 102
"c:\Users\robertsd\source\repos\STLAT-1\src\styles\FormPage.css", "PostCSS", 0, 0, 0, 194, 0, 0, 0, 0, 0, 10, 40, 244
"c:\Users\robertsd\source\repos\STLAT-1\src\translations\index.ts", "TypeScript", 268, 0, 0, 0, 0, 0, 0, 0, 0, 39, 4, 311
"c:\Users\robertsd\source\repos\STLAT-1\src\types\survey.ts", "TypeScript", 45, 0, 0, 0, 0, 0, 0, 0, 0, 2, 8, 55
"c:\Users\robertsd\source\repos\STLAT-1\src\utils\adaptiveSwap.ts", "TypeScript", 61, 0, 0, 0, 0, 0, 0, 0, 0, 15, 11, 87
"c:\Users\robertsd\source\repos\STLAT-1\src\utils\firebaseErrors.ts", "TypeScript", 31, 0, 0, 0, 0, 0, 0, 0, 0, 6, 4, 41
"c:\Users\robertsd\source\repos\STLAT-1\src\utils\generateUsername.ts", "TypeScript", 43, 0, 0, 0, 0, 0, 0, 0, 0, 4, 10, 57
"c:\Users\robertsd\source\repos\STLAT-1\src\utils\passwordValidation.ts", "TypeScript", 19, 0, 0, 0, 0, 0, 0, 0, 0, 0, 3, 22
"c:\Users\robertsd\source\repos\STLAT-1\src\utils\profileHelpers.ts", "TypeScript", 33, 0, 0, 0, 0, 0, 0, 0, 0, 0, 6, 39
"c:\Users\robertsd\source\repos\STLAT-1\src\utils\seedQuestions.ts", "TypeScript", 678, 0, 0, 0, 0, 0, 0, 0, 0, 62, 12, 752
"c:\Users\robertsd\source\repos\STLAT-1\src\vite-env.d.ts", "TypeScript", 11, 0, 0, 0, 0, 0, 0, 0, 0, 1, 3, 15
"c:\Users\robertsd\source\repos\STLAT-1\tsconfig.app.json", "JSON", 0, 24, 0, 0, 0, 0, 0, 0, 0, 2, 3, 29
"c:\Users\robertsd\source\repos\STLAT-1\tsconfig.json", "JSON with Comments", 0, 0, 7, 0, 0, 0, 0, 0, 0, 0, 1, 8
"c:\Users\robertsd\source\repos\STLAT-1\tsconfig.node.json", "JSON", 0, 22, 0, 0, 0, 0, 0, 0, 0, 2, 3, 27
"c:\Users\robertsd\source\repos\STLAT-1\vite.config.ts", "TypeScript", 5, 0, 0, 0, 0, 0, 0, 0, 0, 1, 2, 8
"Total", "-", 1464, 4425, 7, 1768, 60, 22, 16, 1828, 2, 314, 752, 10658